Date,Close,High,Low,Open,Volume
2020-01-01,687.74,695.71,685.87,691.57,14004468
2020-01-02,699.45,702.02,688.83,688.83,17710316
2020-01-03,700.29,702.34,693.85,698.4,20984698
2020-01-06,684.05,696.08,682.46,692.48,24519177
2020-01-07,694.57,699.08,689.52,692.02,16683622
2020-01-08,689.36,699.06,687.92,690.2,16047902
2020-01-09,705.23,706.15,697.6,700.95,14982742
2020-01-10,705.08,709.77,701.43,707.01,12478359
2020-01-13,703.28,710.11,700.86,703.89,18282382
2020-01-14,696.76,706.15,693.32,701.59,15816535
2020-01-15,694.23,701.54,691.68,699.7,15817859
2020-01-16,700.63,703.12,696.12,696.58,12847975
2020-01-17,720.27,722.07,707.6,707.74,29463471
2020-01-20,698.11,733.03,695.39,733.03,32545850
2020-01-21,698.81,704.26,693.39,696.4,18922720
2020-01-22,698.56,704.67,697.54,703.41,10322817
2020-01-23,695.6,702.48,692.8,700.0,11247739
2020-01-24,693.18,699.93,691.82,695.67,14628445
2020-01-27,686.35,694.51,685.65,690.16,13387750
2020-01-28,670.5,687.92,666.78,687.29,24532236
2020-01-29,674.19,680.82,666.99,671.54,24746565
2020-01-30,657.74,674.12,656.03,673.8,22402689
2020-01-31,643.12,662.07,641.09,661.95,34750310
2020-02-03,631.2,637.79,620.98,624.1,30712290
2020-02-04,649.84,652.62,636.81,637.81,25383901
2020-02-05,659.9,661.86,651.61,653.71,18472100
2020-02-06,664.14,668.33,656.08,662.46,15538577
2020-02-07,653.14,661.66,650.7,661.04,12209212
2020-02-10,654.03,658.54,642.57,650.57,15142476
2020-02-11,661.84,667.97,658.33,659.4,13999816
2020-02-12,669.84,671.91,662.87,663.39,13533565
2020-02-13,671.59,673.23,666.33,673.23,13565659
2020-02-14,677.72,684.03,662.0,673.0,21227841
2020-02-17,673.46,686.17,671.66,678.36,13149130
2020-02-18,668.52,672.39,663.96,672.39,11127161
2020-02-19,685.1,686.31,672.02,673.96,14084409
2020-02-20,676.97,687.01,675.99,682.0,16892268
2020-02-24,658.29,672.89,655.83,669.59,21370214
2020-02-25,645.28,661.23,642.37,661.23,27745062
2020-02-26,634.16,643.44,632.05,642.37,29362748
2020-02-27,631.55,634.98,623.69,632.34,25054993
2020-02-28,605.3,618.22,603.64,617.26,39315769
2020-03-02,599.61,623.69,592.75,617.35,29500495
2020-03-03,611.77,616.81,602.27,605.78,27398798
2020-03-04,610.34,616.76,595.85,615.94,22105261
2020-03-05,597.33,618.65,594.98,616.03,30510390
2020-03-06,579.04,586.85,565.42,578.58,33734039
2020-03-09,507.58,565.37,498.86,564.94,88187018
2020-03-11,525.53,536.88,504.78,504.78,59578576
2020-03-12,484.28,501.59,477.76,494.3,55970485
2020-03-13,503.55,519.36,429.34,454.67,73297403
2020-03-16,462.73,491.89,457.86,483.16,38482258
2020-03-17,459.22,482.91,457.04,477.1,45445979
2020-03-18,441.23,471.93,437.81,467.1,44730415
2020-03-19,418.08,440.54,406.47,419.18,61404010
2020-03-20,463.76,471.48,423.69,428.02,63360475
2020-03-23,402.75,432.8,398.93,417.4,40670949
2020-03-24,429.79,441.91,408.11,423.69,45734887
2020-03-25,493.05,524.62,438.84,439.09,73130298
2020-03-26,485.74,508.84,474.87,499.22,45744488
2020-03-27,485.46,504.46,476.63,498.86,41657940
2020-03-30,469.45,489.66,464.69,474.07,30229866
2020-03-31,507.4,514.71,477.45,489.27,44292810
2020-04-01,492.23,512.34,476.17,511.27,41597459
2020-04-03,490.86,516.83,481.23,516.83,41367807
2020-04-07,549.47,553.07,501.14,502.09,54373624
2020-04-08,543.12,559.91,528.47,537.58,49880330
2020-04-09,555.78,561.64,543.5,553.07,33032857
2020-04-13,541.75,553.53,537.58,548.49,23673784
2020-04-15,523.85,563.09,520.73,545.35,35321842
2020-04-16,532.14,540.98,521.64,523.85,37455706
2020-04-17,557.63,560.36,543.35,553.98,33269335
2020-04-20,566.65,572.66,547.6,558.54,36030932
2020-04-21,563.71,570.38,530.29,551.25,61371628
2020-04-22,621.23,630.93,592.25,601.36,142683366
2020-04-23,624.55,631.36,616.53,622.93,65464502
2020-04-24,645.55,681.07,613.75,615.1,134986308
2020-04-27,651.36,671.98,648.29,653.3,58482901
2020-04-28,650.63,663.07,634.23,660.59,78453401
2020-04-29,650.09,662.25,646.92,658.26,37494672
2020-04-30,667.88,681.07,655.14,662.39,71345899
2020-05-04,653.85,667.42,645.76,656.03,53456868
2020-05-05,665.44,673.8,659.31,662.27,44903763
2020-05-06,665.49,676.51,658.54,666.97,40489094
2020-05-07,686.53,689.59,658.31,662.87,50026966
2020-05-08,711.52,719.77,700.27,703.87,84262770
2020-05-11,718.36,735.76,716.31,719.81,67085063
2020-05-12,673.91,714.51,667.42,712.89,100683202
2020-05-13,688.21,702.26,668.69,702.26,66430125
2020-05-14,660.39,688.33,657.68,675.59,49266771
2020-05-15,671.17,674.53,650.8,664.09,62152260
2020-05-18,662.6,681.57,656.73,676.05,62796089
2020-05-19,647.95,672.23,645.35,670.07,42315854
2020-05-20,659.35,665.4,640.64,648.45,55320985
2020-05-21,662.83,672.12,655.35,659.95,39167981
2020-05-22,658.36,670.53,656.04,667.68,37828973
2020-05-26,654.92,666.71,651.35,666.0,33216635
2020-05-27,664.8,668.69,649.37,658.11,35667956
2020-05-28,677.08,680.53,666.39,669.15,40126278
2020-05-29,673.47,676.97,668.07,675.13,40022527
2020-06-01,699.2,707.48,678.78,680.65,39943702
2020-06-02,706.26,708.24,699.41,701.8,22153960
2020-06-03,709.0,717.44,705.18,710.54,25381289
2020-06-04,726.54,731.01,708.7,710.08,34202350
2020-06-05,727.42,744.11,723.74,733.53,33076685
2020-06-08,721.81,744.3,719.74,744.3,31414953
2020-06-09,706.93,728.02,705.02,717.58,25857161
2020-06-10,723.03,726.43,708.26,709.67,22132647
2020-06-11,707.18,721.09,704.1,720.2,20385805
2020-06-12,730.68,732.62,688.47,689.84,38548899
2020-06-15,742.53,748.23,717.94,719.74,53107403
2020-06-16,743.97,758.16,729.07,755.61,51187003
2020-06-17,742.89,752.14,736.8,739.63,41782053
2020-06-18,761.54,765.73,738.41,739.05,40471557
2020-06-19,809.14,822.66,764.35,768.03,105804173
2020-06-22,803.05,829.75,797.92,815.58,60198705
2020-06-23,791.44,811.14,789.23,804.82,37962078
2020-06-24,794.63,815.26,787.2,798.33,51586221
2020-06-25,790.06,804.36,787.83,794.24,39679374
2020-06-26,800.98,805.74,789.64,795.07,30921913
2020-06-29,792.47,800.1,788.98,794.72,25621946
2020-06-30,783.71,800.68,779.78,798.84,30276420
2020-07-01,799.12,804.36,785.53,791.02,28464103
2020-07-02,809.58,812.91,797.94,801.6,28789533
2020-07-03,822.25,824.59,813.1,818.52,29434266
2020-07-06,851.64,854.49,824.18,830.11,47016185
2020-07-07,838.6,857.41,830.71,855.41,35189589
2020-07-08,826.89,843.89,823.21,838.87,26204095
2020-07-09,838.97,843.91,821.49,831.95,36418942
2020-07-10,863.71,866.72,838.97,840.92,43759967
2020-07-13,889.9,895.74,873.8,875.34,69608392
2020-07-14,881.62,892.98,867.96,889.44,67331128
2020-07-15,848.05,910.04,826.89,891.26,139669773
2020-07-16,847.77,859.55,833.54,849.43,60961724
2020-07-17,879.18,883.0,845.29,848.51,49726765
2020-07-20,882.96,888.52,873.64,881.99,36592938
2020-07-21,906.71,909.22,890.59,891.74,42173371
2020-07-22,921.63,924.39,901.72,911.97,59771457
2020-07-23,946.38,956.45,915.81,921.61,58333751
2020-07-24,987.01,994.76,946.38,946.47,120597372
2020-07-27,991.63,1011.22,978.61,1002.02,80304827
2020-07-28,1001.52,1009.01,989.08,991.63,55114422
2020-07-29,964.24,1003.86,952.19,1001.61,72663399
2020-07-30,969.85,984.04,952.91,965.32,72857444
2020-07-31,950.65,979.12,944.08,972.45,74958061
2020-08-03,923.93,946.01,921.22,943.39,46715383
2020-08-04,989.05,996.6,919.91,929.27,92041055
2020-08-05,977.95,1009.93,974.2,997.52,74549993
2020-08-06,981.47,996.92,969.37,992.0,49322975
2020-08-07,987.14,992.36,975.07,979.49,32984416
2020-08-10,974.91,995.68,969.51,992.96,26958997
2020-08-11,981.33,993.38,965.94,981.79,46828306
2020-08-12,978.48,986.48,968.91,975.44,30264617
2020-08-13,975.92,983.67,970.38,978.66,24830322
2020-08-14,972.13,992.0,960.84,976.15,33224635
2020-08-17,961.8,968.08,952.03,968.08,30979066
2020-08-18,974.31,981.56,957.67,958.88,30547672
2020-08-19,980.29,990.62,975.6,984.64,34087543
2020-08-20,964.43,976.77,960.26,974.98,22537845
2020-08-21,957.44,975.9,955.21,974.06,25280895
2020-08-24,963.83,967.85,952.22,961.83,32717218
2020-08-25,957.55,970.98,955.66,968.54,19388008
2020-08-26,982.94,987.83,941.41,958.88,59870421
2020-08-27,970.66,988.78,967.28,987.86,28085062
2020-08-28,973.21,980.91,968.66,974.98,27166900
2020-08-31,956.91,999.82,947.55,999.82,62076132
2020-09-01,959.92,976.08,948.49,965.78,38616258
2020-09-02,978.75,983.26,958.88,962.1,26949439
2020-09-03,971.35,983.6,967.16,978.66,18586429
2020-09-04,955.32,964.38,953.0,958.22,28475945
2020-09-07,957.8,968.43,940.14,958.42,21926473
2020-09-08,969.05,975.44,956.81,962.1,27397082
2020-09-09,994.0,996.96,957.25,958.88,55310877
2020-09-10,1064.2,1078.43,1000.44,1004.0,140304404
2020-09-11,1066.84,1075.17,1051.83,1063.28,59470807
2020-09-14,1058.93,1085.36,1049.48,1069.26,44063445
2020-09-15,1066.43,1069.6,1052.31,1063.26,27178393
2020-09-16,1069.05,1089.66,1062.61,1066.96,33952295
2020-09-17,1057.19,1073.26,1054.01,1066.96,25828669
2020-09-18,1060.38,1066.71,1046.98,1064.32,33074915
2020-09-21,1037.46,1074.32,1033.55,1057.76,33627381
2020-09-22,1016.9,1047.18,1012.49,1047.18,34792254
2020-09-23,1025.94,1047.07,1014.21,1039.37,42988708
2020-09-24,1003.13,1023.73,1000.76,1015.41,29826318
2020-09-25,1012.55,1017.66,996.73,1006.71,28374935
2020-09-28,1019.25,1029.25,1015.01,1024.19,19666849
2020-09-29,1032.49,1041.21,1019.25,1023.27,25842539
2020-09-30,1027.57,1042.59,1023.27,1039.37,24465159
2020-10-01,1023.38,1041.11,1018.21,1041.11,20783227
2020-10-05,1017.38,1034.38,1014.53,1032.01,18922799
2020-10-06,1016.53,1027.36,1012.53,1023.38,18412175
2020-10-07,1038.22,1061.9,1020.97,1027.87,53170865
2020-10-08,1029.82,1043.05,1021.94,1038.91,21077808
2020-10-09,1027.16,1036.15,1019.64,1027.87,18545499
2020-10-12,1028.81,1037.41,1023.84,1027.87,14226473
2020-10-13,1048.89,1051.21,1023.66,1025.85,23112012
2020-10-14,1052.01,1059.6,1043.28,1048.06,26742011
2020-10-15,1014.76,1053.16,1009.47,1053.16,20036197
2020-10-16,1000.64,1026.72,999.19,1018.67,21583600
2020-10-19,1000.83,1024.97,991.15,1007.2,31200385
2020-10-20,991.49,1008.55,989.81,1002.11,18482288
2020-10-21,977.1,1008.09,964.75,997.06,34082321
2020-10-22,968.98,980.73,961.64,978.38,30802210
2020-10-23,971.78,981.88,964.13,968.54,23422125
2020-10-26,933.18,966.68,928.3,966.68,37324416
2020-10-27,935.66,947.32,922.09,935.84,36478896
2020-10-28,925.06,946.33,923.2,939.02,29924017
2020-10-29,932.16,939.11,915.65,918.41,30655304
2020-10-30,944.86,949.73,929.82,935.2,34021563
2020-11-02,863.43,932.21,855.02,932.21,99366895
2020-11-03,850.99,877.94,843.96,869.2,88691623
2020-11-04,879.87,887.14,844.83,844.83,80180117
2020-11-05,899.1,901.83,888.52,899.07,37205373
2020-11-06,933.2,938.19,909.74,915.19,66674086
2020-11-09,943.11,951.53,936.35,948.35,35838510
2020-11-10,958.68,961.18,938.74,955.21,36934242
2020-11-11,918.51,963.48,909.72,960.72,56724780
2020-11-12,910.6,923.68,903.7,911.06,40046527
2020-11-13,918.14,936.65,911.4,911.51,45388670
2020-11-14,920.85,926.83,917.65,926.65,5226220
2020-11-17,916.69,958.88,912.89,958.88,46542562
2020-11-18,913.91,922.78,901.44,916.69,30402290
2020-11-19,907.44,924.6,905.17,913.91,27796343
2020-11-20,873.57,912.34,871.5,908.3,57471248
2020-11-23,897.12,906.0,885.88,897.26,45327567
2020-11-24,903.26,907.84,888.52,903.24,30936268
2020-11-25,895.79,916.55,893.21,910.6,32637879
2020-11-26,897.99,903.7,887.62,898.2,25838637
2020-11-27,887.51,899.6,883.65,892.43,47336811
2020-12-01,899.05,904.27,887.62,892.36,19750687
2020-12-02,900.55,902.32,889.9,900.71,22188887
2020-12-03,903.26,911.1,900.78,906.92,27785372
2020-12-04,895.3,905.54,892.2,905.54,18464552
2020-12-07,900.57,903.7,892.48,892.48,18242188
2020-12-08,916.92,926.35,896.8,901.93,43403061
2020-12-09,932.19,935.34,919.45,924.37,29175254
2020-12-10,923.01,932.9,920.25,929.73,16065507
2020-12-11,922.46,937.27,907.95,925.77,26944202
2020-12-14,915.79,926.69,913.52,923.45,17312747
2020-12-15,908.0,915.06,901.9,915.06,18551265
2020-12-16,909.01,917.47,904.02,914.27,18561011
2020-12-17,913.17,922.09,909.28,912.66,20252358
2020-12-18,915.91,922.05,903.7,910.64,18466344
2020-12-21,892.06,929.91,853.22,924.39,44135540
2020-12-22,890.68,900.89,868.49,896.34,28140001
2020-12-23,893.97,897.47,883.3,887.6,19501410
2020-12-24,917.1,919.24,894.91,895.42,20776988
2020-12-28,921.31,928.07,917.63,922.87,17221499
2020-12-29,915.22,925.45,911.77,923.93,18611939
2020-12-30,917.72,923.1,908.55,917.61,22043630
2020-12-31,913.03,925.27,909.95,916.8,18781189
2021-01-01,914.04,918.41,911.51,914.27,10015175
2021-01-04,915.59,919.29,905.08,917.54,24513534
2021-01-05,904.2,912.25,899.56,905.54,24123091
2021-01-06,880.36,904.16,876.17,904.11,46401468
2021-01-07,878.93,894.5,876.17,883.23,32325918
2021-01-08,889.3,891.46,879.37,882.08,27540187
2021-01-11,872.54,891.65,870.35,891.65,33307825
2021-01-12,900.04,901.4,873.76,875.18,41161546
2021-01-13,891.65,908.27,882.29,903.03,26619458
2021-01-14,901.67,904.57,891.76,894.5,21553242
2021-01-15,891.03,907.74,883.02,901.67,20593268
2021-01-18,912.41,918.41,884.54,896.38,35100458
2021-01-19,927.34,934.05,917.33,917.33,32006615
2021-01-20,944.95,946.47,920.44,929.63,30924537
2021-01-21,965.51,974.98,954.29,957.5,39087742
2021-01-22,942.6,972.84,935.96,970.84,30532660
2021-01-25,892.66,935.87,888.52,935.87,54207104
2021-01-27,871.5,885.3,868.28,885.3,42370131
2021-01-28,863.02,884.52,860.01,864.67,34067814
2021-01-29,847.11,879.83,841.61,871.18,43712383
2021-02-01,871.64,876.1,849.89,855.13,34180952
2021-02-02,885.67,892.2,853.09,880.36,41470034
2021-02-03,887.9,897.72,873.8,886.82,30301696
2021-02-04,884.98,892.2,876.1,884.84,25626981
2021-02-05,884.73,894.34,883.0,887.62,20248046
2021-02-08,897.47,905.54,887.16,889.0,21183400
2021-02-09,899.63,915.01,897.86,902.29,19604141
2021-02-10,907.97,912.78,886.36,898.52,21234156
2021-02-11,945.41,949.32,907.03,910.6,42539278
2021-02-12,938.92,955.66,926.88,945.32,30497029
2021-02-15,934.79,947.98,931.29,941.89,15791099
2021-02-16,947.16,956.31,935.89,938.07,21421660
2021-02-17,958.08,963.92,943.06,947.39,23742994
2021-02-18,950.93,969.65,946.97,958.88,18646877
2021-02-19,956.72,968.06,944.31,946.01,23403483
2021-02-22,923.52,961.14,917.47,956.58,23804335
2021-02-23,930.58,944.12,926.05,941.87,25644108
2021-02-24,947.85,949.8,931.82,933.59,10807663
2021-02-25,986.18,989.7,953.37,954.75,34855693
2021-02-26,959.25,981.37,952.31,973.6,37481215
2021-03-01,966.56,971.3,948.54,970.47,17680764
2021-03-02,968.54,979.58,960.77,975.9,17150760
2021-03-03,1012.74,1020.92,969.09,975.46,31924461
2021-03-04,1000.67,1007.15,992.32,1002.57,21435754
2021-03-05,1001.98,1017.27,990.18,991.54,25511666
2021-03-08,1007.68,1026.44,997.06,997.29,19506841
2021-03-09,1007.66,1018.12,987.21,1011.77,15154484
2021-03-10,1003.47,1018.72,998.09,1014.99,11519358
2021-03-12,983.07,1014.72,976.77,1009.47,16864952
2021-03-15,969.88,988.27,956.81,984.2,16698099
2021-03-16,966.06,977.74,963.71,972.22,13873801
2021-03-17,945.25,967.16,935.94,964.89,19210236
2021-03-18,923.98,958.79,920.25,953.32,20647480
2021-03-19,957.5,963.87,911.88,915.65,41787429
2021-03-22,948.49,953.83,935.06,952.45,18572478
2021-03-23,960.03,970.24,945.55,948.28,17421165
2021-03-24,941.55,956.47,938.37,956.47,16822814
2021-03-25,915.86,944.63,912.89,944.63,22001648
2021-03-26,917.33,926.09,907.7,925.31,20180202
2021-03-30,933.27,942.28,915.91,923.47,20441701
2021-03-31,921.22,942.74,919.33,928.07,16250796
2021-04-01,929.84,933.59,921.24,928.07,11723312
2021-04-05,916.39,931.29,902.36,931.27,14875099
2021-04-06,912.57,922.07,905.54,921.63,14009194
2021-04-07,921.1,941.36,916.71,919.79,24266353
2021-04-08,922.25,929.91,916.57,924.85,15369188
2021-04-09,911.54,922.71,910.6,919.08,14037885
2021-04-12,878.93,902.04,873.92,900.94,20901482
2021-04-13,888.43,892.48,882.01,884.84,19411189
2021-04-15,894.18,901.86,879.78,885.9,19723716
2021-04-16,888.57,896.75,885.97,890.64,15656948
2021-04-19,874.59,881.35,869.2,875.64,18478808
2021-04-20,874.33,882.54,869.41,878.63,17203668
2021-04-22,876.75,880.45,863.09,870.24,14490954
2021-04-23,875.8,882.5,871.66,876.56,11828857
2021-04-26,891.21,902.32,879.09,883.0,20846778
2021-04-27,914.57,918.51,891.39,892.2,19992524
2021-04-28,918.55,923.47,910.66,918.8,17122437
2021-04-29,930.85,940.26,923.15,930.32,17412606
2021-04-30,917.26,936.35,914.07,923.7,19828769
2021-05-03,900.96,910.14,893.62,904.16,23640186
2021-05-04,881.44,904.98,878.86,896.8,21849830
2021-05-05,883.05,891.51,877.51,884.54,12393609
2021-05-06,888.06,889.9,876.84,883.85,14624666
2021-05-07,888.41,899.4,885.76,891.16,12288548
2021-05-10,885.85,895.33,883.44,891.74,13941237
2021-05-11,889.05,891.53,878.4,880.7,13478264
2021-05-12,879.85,888.93,877.02,887.65,13177961
2021-05-14,890.96,893.12,876.56,886.7,13291616
2021-05-17,901.56,902.98,887.78,890.96,11873078
2021-05-18,914.25,920.99,907.15,911.06,12064918
2021-05-19,918.44,927.36,906.92,910.6,16317002
2021-05-20,913.08,924.81,911.06,918.83,11422532
2021-05-21,920.97,924.21,913.35,916.11,10785605
2021-05-24,913.19,924.3,911.51,923.47,8551760
2021-05-25,902.85,918.41,901.4,918.14,14780102
2021-05-26,906.02,910.37,903.83,908.3,7480204
2021-05-27,908.8,916.57,902.43,906.13,26819294
2021-05-28,963.39,968.08,915.19,915.19,56469931
2021-05-31,993.51,1007.96,958.91,966.7,59124142
2021-06-01,997.47,1012.69,987.17,996.14,28013832
2021-06-02,1012.35,1016.14,992.0,992.0,24630162
2021-06-03,1016.21,1034.77,1009.98,1021.43,23974257
2021-06-04,1007.4,1019.34,1004.53,1018.58,14468646
2021-06-07,1024.37,1031.09,1004.87,1012.69,16336573
2021-06-08,1018.49,1024.26,1010.92,1024.01,9674735
2021-06-09,1000.27,1021.43,992.43,1020.51,11409161
2021-06-10,1003.95,1025.57,1001.45,1008.74,14155653
2021-06-11,1021.37,1028.22,1006.12,1007.41,13762778
2021-06-14,1036.02,1042.18,1013.02,1022.22,20332436
2021-06-15,1038.37,1049.87,1033.9,1043.45,15174215
2021-06-16,1020.65,1037.01,1018.0,1036.02,10797349
2021-06-17,1022.52,1031.45,1006.02,1015.3,15745975
2021-06-18,1027.14,1031.45,1008.08,1027.07,29369026
2021-06-21,1032.49,1037.22,1015.37,1016.91,12186448
2021-06-22,1027.18,1043.45,1024.23,1040.22,12871913
2021-06-23,1017.77,1038.65,1016.08,1038.37,16653951
2021-06-24,993.84,1022.04,987.61,1018.46,91461975
2021-06-25,971.2,993.84,960.43,993.84,55355022
2021-06-28,962.69,981.38,960.38,979.3,20277042
2021-06-29,963.52,973.3,961.81,964.3,27144063
2021-06-30,974.06,979.6,965.02,967.42,19762858
2021-07-01,968.2,979.83,966.84,977.46,12534407
2021-07-02,982.56,984.33,965.9,967.77,14086620
2021-07-05,992.32,993.86,983.69,985.97,11702287
2021-07-06,980.59,991.72,978.47,989.89,10070124
2021-07-07,973.79,981.96,968.23,981.96,10454892
2021-07-08,965.73,976.97,960.38,976.97,11185460
2021-07-09,955.86,965.32,953.5,963.61,9037675
2021-07-12,961.81,969.84,957.38,959.8,8585292
2021-07-13,969.01,970.56,963.63,969.15,6717133
2021-07-14,962.69,972.31,960.5,969.31,8532544
2021-07-15,961.0,966.84,959.23,966.84,9448356
2021-07-16,974.87,975.96,963.43,963.5,8828185
2021-07-19,968.67,980.23,965.57,969.15,8354449
2021-07-20,966.29,972.84,961.77,968.92,6741464
2021-07-22,978.7,980.18,968.3,977.92,7972397
2021-07-23,971.78,985.05,970.1,985.05,9937030
2021-07-26,958.47,978.84,955.81,972.84,12389668
2021-07-27,948.38,961.63,942.38,958.44,10824523
2021-07-28,940.24,949.77,930.5,949.77,12897848
2021-07-29,947.57,957.34,943.03,947.92,13765738
2021-07-30,939.29,954.36,937.35,949.77,11350608
2021-08-02,956.46,959.64,941.99,948.06,10925104
2021-08-03,963.5,965.0,952.63,964.53,11817299
2021-08-04,970.88,975.61,963.15,966.57,13169800
2021-08-05,984.96,994.44,971.11,975.75,21252078
2021-08-06,964.1,990.82,959.34,982.97,16620987
2021-08-09,958.6,964.44,953.69,960.38,7494143
2021-08-10,963.63,975.15,957.04,960.84,11919198
2021-08-11,977.13,978.38,961.49,967.74,9184963
2021-08-12,974.0,981.24,971.46,980.64,8137612
2021-08-13,990.22,992.18,973.28,977.13,12780901
2021-08-16,1003.07,1016.68,982.14,991.92,21935444
2021-08-17,998.8,1008.47,991.23,1000.92,12658169
2021-08-18,1002.68,1009.21,993.42,1003.3,10075860
2021-08-20,991.42,1002.38,986.23,988.99,9426282
2021-08-23,997.92,1003.3,984.06,1003.3,9854395
2021-08-24,1007.78,1011.61,994.81,999.17,11864472
2021-08-25,1016.5,1024.53,1006.12,1008.56,13380559
2021-08-26,1029.35,1036.02,1017.61,1018.99,18589616
2021-08-27,1027.94,1035.03,1022.71,1032.38,10480636
2021-08-30,1047.72,1050.3,1032.28,1038.37,14027062
2021-08-31,1042.14,1053.95,1034.8,1050.79,26485463
2021-09-01,1046.27,1058.17,1044.37,1048.99,11145486
2021-09-02,1058.87,1065.05,1040.68,1040.68,9956770
2021-09-03,1102.29,1105.29,1062.6,1066.06,30664428
2021-09-06,1119.41,1144.52,1113.14,1113.6,33641710
2021-09-07,1126.47,1134.37,1113.14,1121.44,17349882
2021-09-08,1122.07,1132.52,1110.67,1131.6,14301651
2021-09-09,1119.41,1125.07,1115.03,1120.48,8963249
2021-09-13,1094.47,1122.83,1092.85,1122.83,16311160
2021-09-14,1093.04,1104.83,1091.91,1096.06,8908356
2021-09-15,1097.59,1105.64,1093.06,1093.06,9071075
2021-09-16,1120.61,1124.56,1092.37,1099.08,13448882
2021-09-17,1103.24,1133.37,1096.34,1128.83,34882133
2021-09-20,1104.99,1116.07,1093.75,1094.72,11779819
2021-09-21,1109.77,1115.26,1100.22,1109.91,9915736
2021-09-22,1121.68,1126.98,1106.79,1111.29,10995912
2021-09-23,1149.09,1152.37,1128.6,1129.47,15748397
2021-09-24,1145.77,1156.26,1140.83,1155.39,15192163
2021-09-27,1165.03,1167.55,1142.35,1147.75,15373834
2021-09-28,1175.92,1183.7,1159.66,1169.44,18035258
2021-09-29,1166.6,1186.05,1163.0,1186.05,9719875
2021-09-30,1162.63,1169.72,1153.91,1165.29,13590654
2021-10-01,1164.69,1172.12,1151.44,1154.65,8958928
2021-10-04,1179.66,1188.29,1170.85,1178.21,10918552
2021-10-05,1204.15,1205.44,1175.6,1179.18,13533634
2021-10-06,1181.37,1209.11,1177.33,1209.11,10258881
2021-10-07,1187.16,1199.32,1184.99,1197.59,6336665
2021-10-08,1232.78,1238.85,1191.36,1193.09,15772493
2021-10-11,1224.2,1255.28,1220.83,1246.7,14768666
2021-10-12,1231.19,1238.2,1218.94,1220.67,6682011
2021-10-13,1243.72,1255.05,1231.88,1236.36,9959762
2021-10-14,1246.23,1254.1,1240.14,1246.21,8623469
2021-10-18,1249.56,1266.82,1228.65,1231.56,13594479
2021-10-19,1260.75,1269.75,1249.74,1257.03,8833409
2021-10-20,1246.23,1265.78,1242.13,1265.78,12710570
2021-10-21,1210.28,1258.97,1201.38,1258.69,20831669
2021-10-22,1212.54,1229.85,1205.21,1209.13,11027475
2021-10-25,1200.73,1236.82,1186.05,1236.82,17198417
2021-10-26,1228.07,1231.7,1201.35,1207.79,9750178
2021-10-27,1212.54,1235.34,1209.11,1223.9,9896298
2021-10-28,1199.25,1217.41,1195.52,1209.13,9886181
2021-10-29,1170.48,1198.12,1154.53,1198.12,14233025
2021-11-01,1171.19,1179.59,1151.03,1170.48,15481114
2021-11-02,1154.12,1175.9,1151.56,1174.52,10569130
2021-11-03,1146.18,1162.98,1135.75,1156.54,11989430
2021-11-04,1153.22,1156.01,1149.13,1150.5,1705656
2021-11-08,1154.65,1162.98,1133.63,1162.7,20337183
2021-11-09,1163.76,1167.09,1147.77,1156.06,15682497
2021-11-10,1176.78,1180.52,1155.43,1161.46,10253470
2021-11-11,1178.92,1186.29,1170.16,1172.23,10722478
2021-11-12,1196.72,1199.32,1180.06,1182.78,8712341
2021-11-15,1189.65,1200.91,1186.05,1199.9,4803269
2021-11-16,1162.01,1188.36,1151.44,1187.0,11337581
2021-11-17,1137.14,1153.27,1135.75,1153.27,10202029
2021-11-18,1141.43,1148.67,1130.7,1135.29,8505625
2021-11-22,1090.87,1130.21,1084.99,1124.26,24124307
2021-11-23,1101.07,1108.18,1065.6,1076.7,25326999
2021-11-24,1085.17,1112.17,1081.55,1098.37,16820296
2021-11-25,1150.5,1154.67,1087.82,1095.14,42401936
2021-11-26,1113.41,1143.41,1108.29,1138.89,15763138
2021-11-29,1126.75,1153.75,1107.18,1125.64,24325354
2021-11-30,1110.09,1142.63,1102.45,1138.98,32172299
2021-12-01,1138.52,1141.75,1119.18,1122.83,10104610
2021-12-02,1145.83,1152.0,1136.03,1139.77,12720411
2021-12-03,1111.41,1153.06,1107.6,1153.01,19222481
2021-12-06,1090.34,1119.14,1087.82,1114.98,10332254
2021-12-07,1099.22,1109.45,1089.14,1096.59,11235122
2021-12-08,1115.95,1122.28,1110.51,1118.72,8744178
2021-12-09,1133.65,1142.17,1119.14,1123.75,13213547
2021-12-10,1134.81,1138.06,1121.61,1126.17,8364414
2021-12-13,1112.05,1141.8,1109.45,1141.52,12901733
2021-12-14,1098.44,1110.37,1095.32,1098.37,12991523
2021-12-15,1095.23,1109.91,1089.65,1100.22,9366969
2021-12-16,1109.4,1114.75,1093.13,1110.23,9761279
2021-12-17,1080.12,1111.29,1070.68,1106.7,21049821
2021-12-20,1051.0,1069.69,1037.04,1069.69,14325846
2021-12-21,1066.64,1082.68,1057.85,1066.69,12836561
2021-12-22,1091.95,1094.63,1071.6,1072.94,17658543
2021-12-23,1091.56,1098.37,1088.24,1095.6,9072401
2021-12-24,1095.05,1103.91,1078.78,1093.75,7886494
2021-12-27,1093.87,1097.45,1083.65,1089.85,4017223
2021-12-28,1106.86,1109.84,1095.16,1096.34,6374613
2021-12-29,1108.75,1116.37,1099.34,1103.45,15425312
2021-12-30,1088.72,1109.88,1082.49,1107.6,29333171
2021-12-31,1092.9,1100.17,1089.14,1095.14,9477290
2022-01-03,1109.38,1111.27,1090.78,1091.45,5421611
2022-01-04,1134.41,1135.75,1109.45,1114.94,10847728
2022-01-05,1139.72,1143.14,1122.81,1136.21,11643813
2022-01-06,1115.21,1132.52,1111.75,1131.23,14447422
2022-01-07,1124.21,1134.39,1112.93,1121.88,13112115
2022-01-10,1125.14,1133.91,1115.01,1131.6,9246731
2022-01-11,1133.24,1142.19,1123.75,1124.21,16205164
2022-01-12,1163.49,1165.26,1137.6,1140.5,14800442
2022-01-13,1170.04,1172.67,1157.63,1163.56,11856712
2022-01-14,1171.75,1184.81,1165.68,1169.9,19930176
2022-01-17,1177.86,1183.75,1170.83,1171.29,8036453
2022-01-18,1163.81,1182.52,1161.02,1179.02,6215029
2022-01-19,1163.72,1173.13,1157.9,1167.59,9755485
2022-01-20,1143.34,1158.34,1132.98,1153.77,16494486
2022-01-21,1143.53,1154.79,1131.6,1131.6,13338594
2022-01-24,1097.4,1155.94,1086.88,1142.21,21868937
2022-01-25,1095.25,1102.36,1063.76,1084.32,24510205
2022-01-27,1079.03,1087.34,1066.55,1078.06,20020431
2022-01-28,1077.99,1096.48,1074.56,1091.45,14667727
2022-01-31,1101.42,1110.55,1087.39,1089.23,12143683
2022-02-01,1097.77,1117.11,1083.19,1111.29,13200509
2022-02-02,1100.01,1110.83,1096.11,1110.83,10017691
2022-02-03,1085.79,1108.27,1083.23,1103.91,9572839
2022-02-04,1075.89,1083.81,1071.19,1080.37,11061241
2022-02-07,1069.34,1087.66,1063.76,1080.83,10714467
2022-02-08,1087.32,1089.14,1066.06,1075.59,12060849
2022-02-09,1099.98,1101.69,1088.22,1094.29,11486225
2022-02-10,1098.85,1105.62,1091.49,1105.62,12464491
2022-02-11,1096.71,1100.45,1081.8,1095.25,15943370
2022-02-14,1079.24,1086.81,1067.45,1080.03,10719633
2022-02-15,1115.88,1118.63,1077.93,1085.08,11212671
2022-02-16,1113.58,1122.83,1105.73,1121.44,10392840
2022-02-17,1127.67,1132.94,1112.21,1116.88,12853252
2022-02-18,1118.86,1133.63,1116.9,1128.09,6775458
2022-02-21,1107.55,1124.91,1100.49,1113.14,11107193
2022-02-22,1102.52,1105.71,1083.21,1085.86,13494914
2022-02-23,1095.62,1110.62,1092.83,1108.11,7310110
2022-02-24,1041.03,1079.86,1035.33,1063.76,24846650
2022-02-25,1054.04,1065.12,1050.49,1052.27,14570089
2022-02-28,1088.93,1092.53,1035.14,1035.14,21297446
2022-03-02,1106.93,1108.06,1074.93,1077.35,21471786
2022-03-03,1097.59,1114.45,1093.78,1107.6,10186748
2022-03-04,1073.24,1091.12,1070.84,1085.91,10805667
2022-03-07,1033.55,1067.03,1025.45,1051.62,17983310
2022-03-08,1031.68,1036.53,1006.07,1020.61,21289374
2022-03-09,1086.42,1092.37,1031.06,1031.91,20414228
2022-03-10,1104.02,1109.91,1089.14,1107.6,17980493
2022-03-11,1107.21,1112.68,1096.55,1096.55,12257423
2022-03-14,1116.3,1118.86,1095.6,1101.55,8340678
2022-03-15,1090.73,1120.5,1080.3,1120.5,15925769
2022-03-16,1109.15,1111.25,1097.03,1099.29,11149828
2022-03-17,1145.3,1152.55,1114.57,1122.71,21422098
2022-03-21,1138.7,1146.37,1125.6,1127.91,11999466
2022-03-22,1168.13,1169.88,1132.34,1135.34,22557065
2022-03-23,1171.84,1183.68,1164.36,1164.36,15462187
2022-03-24,1190.05,1192.58,1158.36,1158.36,13168266
2022-03-25,1197.98,1207.28,1189.29,1191.82,14222488
2022-03-28,1210.03,1213.63,1193.67,1204.51,9891424
2022-03-29,1210.31,1217.44,1203.31,1217.44,8684065
2022-03-30,1233.57,1240.51,1207.79,1218.31,15811550
2022-03-31,1215.94,1232.07,1213.1,1229.87,13223718
2022-04-01,1225.67,1229.97,1210.05,1216.51,7922880
2022-04-04,1229.3,1234.51,1219.12,1225.49,7929162
2022-04-05,1211.92,1232.16,1209.45,1223.48,13149870
2022-04-06,1208.69,1215.82,1193.95,1193.95,12257215
2022-04-07,1187.37,1202.67,1184.67,1197.64,15496499
2022-04-08,1207.12,1211.44,1181.44,1181.44,15152495
2022-04-11,1204.61,1217.69,1192.05,1199.9,9254209
2022-04-12,1181.92,1201.1,1179.32,1193.9,13217742
2022-04-13,1177.59,1196.48,1174.75,1188.13,10354235
2022-04-18,1173.99,1181.35,1163.81,1168.98,9974224
2022-04-19,1218.73,1231.28,1177.31,1180.52,26141820
2022-04-20,1254.56,1261.74,1222.56,1226.25,25072240
2022-04-21,1283.94,1287.12,1260.82,1269.54,21708633
2022-04-22,1273.19,1293.12,1266.45,1273.23,15054154
2022-04-25,1243.74,1273.0,1229.27,1265.62,17063215
2022-04-26,1280.96,1289.89,1249.6,1250.66,12227666
2022-04-27,1282.21,1305.12,1271.46,1271.82,19338945
2022-04-28,1301.36,1315.74,1285.78,1296.79,25614076
2022-04-29,1287.7,1318.11,1281.72,1318.11,18214862
2022-05-02,1283.18,1294.74,1272.84,1274.66,9467006
2022-05-04,1243.12,1287.58,1235.11,1285.28,19247660
2022-05-05,1218.77,1259.89,1214.67,1256.89,17210669
2022-05-06,1209.43,1227.13,1196.92,1205.53,19649948
2022-05-09,1162.2,1198.56,1156.98,1188.34,18083752
2022-05-10,1142.05,1166.03,1134.37,1151.44,19511677
2022-05-11,1130.35,1146.8,1117.73,1141.13,16643899
2022-05-12,1107.32,1123.68,1093.75,1120.29,20490321
2022-05-13,1119.88,1143.6,1114.68,1119.6,19308778
2022-05-16,1120.15,1144.98,1115.28,1123.5,13437911
2022-05-17,1167.2,1172.16,1122.37,1123.8,16551828
2022-05-18,1171.45,1186.05,1157.56,1172.05,17276788
2022-05-19,1144.45,1159.52,1138.08,1146.37,14699118
2022-05-20,1211.18,1220.39,1154.67,1159.52,21793091
2022-05-23,1203.08,1224.61,1196.67,1214.44,15252755
2022-05-24,1207.21,1217.44,1198.84,1203.13,13527818
2022-05-25,1205.44,1226.07,1200.59,1216.05,12714544
2022-05-26,1193.95,1216.01,1175.9,1211.16,17882023
2022-05-27,1188.41,1202.28,1172.26,1196.69,16521973
2022-05-30,1229.8,1234.05,1197.22,1206.82,13853398
2022-05-31,1214.97,1236.27,1207.15,1219.01,70620653
2022-06-01,1215.36,1225.37,1207.38,1215.73,9776989
2022-06-02,1257.26,1261.03,1215.59,1215.59,22126569
2022-06-03,1282.74,1300.21,1265.43,1266.36,23939791
2022-06-06,1277.22,1298.66,1269.96,1282.97,11093152
2022-06-07,1279.62,1288.09,1270.07,1278.31,12358255
2022-06-08,1257.15,1283.43,1253.57,1279.62,12479250
2022-06-09,1291.62,1293.58,1250.66,1250.66,17278305
2022-06-10,1252.63,1287.54,1246.74,1279.23,18093057
2022-06-13,1228.93,1233.5,1207.42,1222.97,17620803
2022-06-14,1212.87,1233.06,1206.11,1223.0,14714312
2022-06-15,1198.19,1217.11,1192.7,1208.0,11195535
2022-06-16,1181.44,1227.15,1178.67,1210.51,17111475
2022-06-17,1195.28,1211.37,1179.64,1181.44,24457187
2022-06-20,1173.62,1207.79,1163.49,1202.21,12066797
2022-06-21,1192.56,1196.85,1166.81,1181.44,11720049
2022-06-22,1156.33,1180.66,1154.21,1180.56,10617206
2022-06-23,1137.57,1165.29,1128.37,1160.7,19446323
2022-06-24,1153.77,1158.83,1138.98,1144.52,14240234
2022-06-27,1150.36,1174.49,1145.23,1174.49,15474529
2022-06-28,1166.53,1169.42,1145.49,1145.49,13572847
2022-06-29,1190.74,1198.52,1154.21,1157.07,19205146
2022-06-30,1197.89,1207.24,1184.21,1190.67,23112959
2022-07-01,1111.61,1196.21,1091.45,1188.32,81997149
2022-07-04,1113.92,1126.98,1091.95,1097.89,41857728
2022-07-05,1122.94,1137.55,1115.49,1118.21,17647327
2022-07-06,1113.07,1126.96,1102.06,1116.88,23943726
2022-07-07,1102.11,1122.94,1096.06,1119.55,23301033
2022-07-08,1103.63,1115.91,1099.55,1115.91,19010108
2022-07-11,1118.63,1120.89,1093.75,1096.75,13847467
2022-07-12,1117.04,1125.92,1109.45,1109.45,10778989
2022-07-13,1097.24,1123.29,1095.14,1120.2,14224132
2022-07-14,1106.28,1123.27,1096.96,1102.06,16970315
2022-07-15,1108.43,1114.52,1099.8,1114.52,9603210
2022-07-18,1117.87,1119.14,1104.05,1117.29,15160908
2022-07-19,1124.72,1129.29,1107.74,1107.74,16439888
2022-07-20,1155.13,1173.36,1147.4,1172.21,23924246
2022-07-21,1147.43,1153.75,1138.66,1150.98,16523230
2022-07-22,1155.18,1161.27,1151.44,1153.75,10969995
2022-07-25,1117.01,1138.73,1108.98,1138.73,23110452
2022-07-26,1117.52,1127.86,1112.84,1117.34,11303288
2022-07-27,1116.46,1120.06,1108.52,1116.81,8655086
2022-07-28,1133.95,1138.96,1117.29,1124.21,12496073
2022-07-29,1158.11,1161.64,1137.14,1142.07,15130683
2022-08-01,1188.29,1194.25,1157.26,1162.59,15700044
2022-08-02,1192.82,1203.5,1182.15,1187.21,13917913
2022-08-03,1202.83,1204.51,1184.88,1199.9,14250977
2022-08-04,1186.93,1208.09,1169.9,1204.51,14467127
2022-08-05,1169.44,1190.12,1166.19,1188.82,13942438
2022-08-08,1184.74,1192.31,1168.06,1168.06,10165178
2022-08-10,1191.82,1195.24,1180.08,1189.24,10724688
2022-08-11,1195.79,1204.47,1190.76,1201.33,8198226
2022-08-12,1215.13,1218.98,1191.68,1195.42,12650587
2022-08-16,1223.57,1226.34,1212.5,1221.22,6607378
2022-08-17,1229.97,1235.39,1225.54,1229.9,6595965
2022-08-18,1228.19,1231.74,1218.45,1227.59,7410035
2022-08-19,1206.29,1228.37,1202.18,1222.97,9460724
2022-08-22,1202.95,1214.34,1193.44,1207.75,9471680
2022-08-23,1221.5,1224.45,1195.91,1197.13,9678484
2022-08-24,1218.24,1232.2,1216.21,1218.41,10369622
2022-08-25,1214.69,1228.93,1210.33,1222.49,7871946
2022-08-26,1208.21,1222.97,1203.13,1215.13,10742038
2022-08-29,1198.82,1225.28,1189.77,1192.98,19838975
2022-08-30,1217.41,1220.78,1189.1,1206.36,23139054
2022-09-01,1181.62,1202.18,1177.15,1191.89,19909939
2022-09-02,1167.83,1188.52,1165.61,1181.62,12999345
2022-09-05,1185.96,1191.36,1168.06,1168.06,11327815
2022-09-06,1198.45,1202.67,1186.98,1187.44,10899618
2022-09-07,1191.48,1197.55,1186.05,1188.36,7488501
2022-09-08,1193.16,1198.98,1186.52,1194.48,7057077
2022-09-09,1185.73,1204.51,1183.29,1204.51,8314850
2022-09-12,1199.0,1205.44,1186.31,1186.31,7435419
2022-09-13,1209.01,1213.61,1200.36,1208.21,8888657
2022-09-14,1194.52,1204.51,1187.32,1188.36,8678219
2022-09-15,1182.69,1201.54,1179.94,1192.05,10365600
2022-09-16,1153.38,1178.21,1149.6,1173.94,20217708
2022-09-19,1154.88,1164.23,1145.14,1153.38,7580254
2022-09-20,1155.06,1171.15,1151.3,1164.11,8411448
2022-09-21,1158.25,1168.98,1151.44,1152.25,9207309
2022-09-22,1147.33,1155.13,1140.87,1147.29,10308170
2022-09-23,1125.83,1151.88,1124.26,1146.83,9528051
2022-09-26,1097.15,1115.81,1096.13,1104.85,12479523
2022-09-27,1105.87,1119.6,1089.19,1104.83,16154822
2022-09-28,1076.43,1097.45,1073.96,1089.3,16997059
2022-09-29,1073.13,1092.6,1067.45,1089.14,14671827
2022-09-30,1097.33,1108.52,1066.53,1066.53,18613024
2022-10-03,1093.52,1115.42,1090.52,1103.68,11852723
2022-10-04,1113.69,1115.91,1103.05,1106.58,8948850
2022-10-06,1117.8,1130.67,1115.98,1120.98,13352162
2022-10-07,1122.53,1127.86,1114.36,1114.36,7714340
2022-10-10,1110.28,1115.72,1102.06,1109.91,6329527
2022-10-11,1088.17,1114.06,1085.03,1114.06,9215177
2022-10-12,1096.18,1099.15,1081.34,1085.45,7417103
2022-10-13,1099.66,1104.83,1089.19,1094.4,7328492
2022-10-14,1094.08,1115.15,1093.34,1114.52,9106089
2022-10-17,1111.64,1114.06,1081.57,1086.83,16729355
2022-10-18,1131.25,1136.67,1116.9,1117.75,12415820
2022-10-19,1150.93,1166.6,1126.84,1132.75,19247142
2022-10-20,1154.03,1162.52,1146.83,1146.83,8717053
2022-10-21,1140.64,1161.5,1138.52,1157.3,8243452
2022-10-24,1144.45,1154.9,1133.12,1135.29,3370033
2022-10-25,1126.77,1153.29,1125.14,1153.29,12233241
2022-10-27,1131.21,1139.19,1122.74,1134.37,12513059
2022-10-28,1165.82,1169.9,1135.04,1137.6,17609592
2022-10-31,1176.64,1181.88,1168.61,1172.67,12419943
2022-11-01,1167.53,1199.9,1157.44,1199.9,13963166
2022-11-02,1174.82,1176.92,1160.67,1168.66,8981896
2022-11-03,1179.2,1181.23,1165.31,1167.53,6693449
2022-11-04,1196.55,1199.9,1177.33,1178.62,12575815
2022-11-07,1202.95,1204.65,1187.9,1195.75,11789748
2022-11-09,1201.75,1210.03,1195.31,1204.65,11254205
2022-11-10,1187.21,1198.31,1182.82,1195.28,5966242
2022-11-11,1214.58,1216.51,1194.36,1199.9,12310132
2022-11-14,1208.69,1219.28,1202.28,1214.09,9043112
2022-11-15,1203.27,1212.08,1195.28,1210.19,7086433
2022-11-16,1196.37,1207.26,1191.29,1204.51,9716161
2022-11-17,1199.46,1205.9,1190.67,1192.95,6661451
2022-11-18,1198.82,1204.05,1186.56,1203.01,5303197
2022-11-21,1177.24,1194.36,1173.64,1194.36,6390268
2022-11-22,1183.77,1185.36,1170.59,1174.52,6611488
2022-11-23,1180.08,1189.7,1177.86,1188.36,6413408
2022-11-24,1190.25,1197.13,1175.99,1184.21,9389439
2022-11-25,1208.02,1211.39,1191.64,1194.82,7349922
2022-11-28,1249.53,1255.76,1154.67,1204.01,31527484
2022-11-29,1251.68,1260.66,1243.28,1247.87,11058913
2022-11-30,1260.52,1267.02,1245.22,1251.82,26164986
2022-12-01,1256.8,1271.43,1253.43,1265.34,9485801
2022-12-02,1256.27,1268.2,1246.33,1259.89,11589592
2022-12-05,1237.95,1253.78,1235.9,1251.59,14828536
2022-12-06,1241.53,1244.67,1228.05,1229.94,8594245
2022-12-07,1223.21,1243.74,1219.35,1239.13,8462111
2022-12-08,1222.63,1229.9,1218.41,1227.59,7757008
2022-12-09,1204.1,1227.59,1200.75,1221.13,12655763
2022-12-12,1205.95,1210.51,1192.98,1193.21,9479842
2022-12-13,1211.44,1215.13,1202.99,1205.95,8333348
2022-12-14,1207.05,1217.88,1204.98,1217.28,7268947
2022-12-15,1189.91,1206.82,1186.52,1201.05,8688551
2022-12-16,1184.02,1208.58,1180.59,1186.52,15837349
2022-12-19,1199.58,1201.75,1184.53,1191.13,7729933
2022-12-20,1209.96,1211.9,1184.21,1192.47,7467588
2022-12-21,1192.75,1215.13,1188.87,1209.59,8527550
2022-12-22,1189.65,1202.05,1184.55,1198.98,7451122
2022-12-23,1154.76,1195.52,1150.17,1182.96,10257115
2022-12-26,1164.85,1173.13,1150.24,1160.56,5990242
2022-12-27,1174.38,1176.27,1160.79,1167.59,5763271
2022-12-28,1174.26,1176.73,1163.67,1171.29,7459393
2022-12-29,1173.73,1176.32,1165.52,1166.21,6930648
2022-12-30,1175.53,1189.29,1172.72,1174.56,7289476
2023-01-02,1188.78,1190.21,1175.99,1176.82,5316175
2023-01-03,1180.08,1187.44,1175.81,1183.77,7658932
2023-01-04,1162.31,1181.92,1160.21,1180.06,9264891
2023-01-05,1160.23,1170.55,1155.6,1164.59,13637099
2023-01-06,1170.78,1175.88,1162.2,1166.05,6349597
2023-01-09,1198.42,1200.82,1173.76,1174.66,10722753
2023-01-10,1180.7,1202.67,1174.98,1202.67,8047142
2023-01-11,1165.82,1180.52,1163.49,1177.98,11509553
2023-01-12,1140.64,1168.75,1137.6,1165.22,17688773
2023-01-13,1138.8,1141.24,1123.57,1134.55,20618583
2023-01-16,1127.95,1144.36,1120.06,1141.15,13623855
2023-01-17,1143.97,1145.9,1130.95,1134.37,10751000
2023-01-18,1142.07,1149.64,1135.45,1141.52,13448286
2023-01-19,1140.85,1145.05,1133.74,1141.24,11940054
2023-01-20,1127.28,1142.21,1124.79,1142.21,14930286
2023-01-23,1121.58,1138.15,1119.14,1130.21,10954118
2023-01-24,1114.96,1127.74,1101.76,1126.06,16488755
2023-01-25,1099.55,1114.38,1098.37,1113.35,12385018
2023-01-27,1078.69,1101.76,1066.83,1100.4,25830975
2023-01-30,1089.02,1094.63,1061.91,1076.08,21772103
2023-01-31,1086.3,1101.9,1080.37,1099.29,22691594
2023-02-01,1079.86,1098.35,1063.76,1098.35,19347800
2023-02-02,1073.89,1083.6,1066.53,1069.76,13662663
2023-02-03,1074.83,1084.06,1058.22,1084.06,24699575
2023-02-06,1066.73,1071.14,1064.13,1068.37,14837879
2023-02-07,1064.17,1074.09,1058.22,1066.99,15135435
2023-02-08,1085.42,1089.09,1064.68,1067.45,21160332
2023-02-09,1087.32,1094.15,1077.14,1086.12,13172763
2023-02-10,1078.36,1086.79,1071.28,1086.79,10790445
2023-02-13,1072.23,1084.52,1067.7,1080.0,10352493
2023-02-14,1097.49,1099.25,1072.36,1075.27,14321920
2023-02-15,1122.34,1124.77,1095.14,1096.52,33503591
2023-02-16,1121.47,1137.04,1119.16,1130.42,17264487
2023-02-17,1126.15,1129.52,1112.49,1116.83,11809520
2023-02-20,1114.25,1130.56,1112.26,1128.37,8836937
2023-02-21,1123.34,1129.2,1113.3,1118.68,13311592
2023-02-22,1097.86,1121.44,1096.09,1119.58,11024335
2023-02-23,1092.6,1105.18,1089.76,1097.45,9851910
2023-02-24,1100.08,1105.82,1092.83,1094.68,9434053
2023-02-27,1092.76,1102.82,1085.31,1099.29,11199715
2023-02-28,1071.86,1092.37,1067.75,1087.34,21994038
2023-03-01,1081.71,1082.45,1072.18,1081.76,11551145
2023-03-02,1073.47,1085.29,1071.42,1078.53,9333535
2023-03-03,1100.86,1104.58,1080.62,1084.13,14643807
2023-03-06,1111.61,1118.95,1107.6,1107.6,10171916
2023-03-08,1115.61,1116.37,1100.68,1111.61,15782657
2023-03-09,1088.79,1115.4,1086.88,1114.98,16235128
2023-03-10,1071.93,1081.76,1068.4,1080.6,13334091
2023-03-13,1054.3,1081.76,1049.91,1074.83,12771592
2023-03-14,1050.35,1063.73,1047.17,1052.22,16027522
2023-03-15,1032.4,1060.67,1027.94,1054.11,21728555
2023-03-16,1027.25,1040.22,1016.31,1035.14,18363159
2023-03-17,1025.96,1039.27,1021.16,1035.95,34014213
2023-03-20,1015.88,1024.53,1006.07,1022.22,19524589
2023-03-21,1047.47,1049.45,1023.15,1024.05,21400360
2023-03-22,1050.65,1057.5,1047.6,1054.53,10920094
2023-03-23,1037.36,1047.56,1035.17,1046.68,16249370
2023-03-24,1016.82,1038.37,1014.38,1036.18,12375945
2023-03-27,1032.63,1040.22,1015.39,1023.38,14054323
2023-03-28,1037.45,1041.37,1032.38,1036.07,12576424
2023-03-29,1031.31,1035.97,1020.42,1033.3,18804065
2023-03-31,1075.78,1081.5,1040.54,1040.68,28171201
2023-04-03,1075.96,1084.06,1068.37,1082.22,10293043
2023-04-05,1073.38,1083.6,1065.4,1083.6,16262928
2023-04-06,1080.58,1086.37,1069.83,1069.83,18435046
2023-04-10,1072.92,1084.71,1071.39,1084.52,12961408
2023-04-11,1078.23,1080.37,1072.55,1077.14,10542367
2023-04-12,1082.98,1092.74,1075.32,1078.23,18179087
2023-04-13,1087.06,1091.82,1080.83,1085.91,12378208
2023-04-17,1092.58,1119.11,1084.09,1119.11,17929479
2023-04-18,1080.07,1096.99,1073.45,1096.99,10405576
2023-04-19,1085.45,1088.17,1076.31,1079.47,12273475
2023-04-20,1082.7,1088.68,1076.26,1086.42,7007330
2023-04-21,1084.06,1089.6,1078.25,1084.82,7647317
2023-04-24,1088.22,1098.78,1083.6,1096.06,12936186
2023-04-25,1096.55,1098.65,1084.76,1091.91,9236126
2023-04-26,1090.11,1101.18,1086.39,1097.91,8617834
2023-04-27,1097.01,1100.22,1090.99,1096.06,9167125
2023-04-28,1117.06,1118.63,1099.18,1099.29,15565210
2023-05-02,1126.54,1128.74,1120.57,1124.31,12981805
2023-05-03,1116.88,1128.37,1113.62,1128.37,7061872
2023-05-04,1129.75,1131.99,1114.34,1117.36,8635233
2023-05-05,1126.87,1135.91,1124.21,1126.52,8746585
2023-05-08,1140.78,1146.2,1127.97,1130.67,9153782
2023-05-09,1144.31,1147.66,1136.79,1142.21,6464721
2023-05-10,1152.18,1153.68,1145.07,1149.13,10872255
2023-05-11,1144.66,1158.13,1142.93,1153.27,10557860
2023-05-12,1146.53,1147.93,1133.67,1139.81,6955341
2023-05-15,1148.79,1155.85,1141.36,1149.09,6833343
2023-05-16,1132.43,1153.56,1130.74,1150.98,8717229
2023-05-17,1125.74,1137.6,1120.98,1136.67,8798967
2023-05-18,1123.31,1133.91,1120.13,1130.47,10525531
2023-05-19,1126.96,1128.81,1116.3,1123.31,8050447
2023-05-22,1132.98,1138.06,1122.53,1123.75,7434906
2023-05-23,1132.77,1138.98,1131.34,1135.59,6092034
2023-05-24,1126.17,1137.14,1123.04,1128.78,8112254
2023-05-25,1126.04,1130.21,1115.01,1123.24,11487863
2023-05-26,1156.75,1157.9,1131.02,1134.37,12626260
2023-05-29,1163.26,1167.59,1157.07,1163.44,10010304
2023-05-30,1162.96,1171.15,1160.37,1163.26,11342504
2023-05-31,1139.86,1158.3,1135.75,1153.75,27107927
2023-06-01,1136.79,1146.78,1134.37,1144.59,14592692
2023-06-02,1133.07,1145.83,1131.14,1140.37,15800644
2023-06-05,1143.25,1146.25,1134.57,1138.61,10908682
2023-06-06,1144.22,1148.07,1136.21,1146.11,7493309
2023-06-07,1152.9,1153.75,1141.1,1147.75,10312545
2023-06-08,1153.59,1161.53,1149.6,1156.52,12071109
2023-06-09,1145.42,1157.7,1143.6,1156.98,5877018
2023-06-12,1146.43,1148.77,1137.6,1142.44,6391969
2023-06-13,1163.37,1164.57,1147.4,1151.44,11248016
2023-06-14,1177.68,1179.13,1161.6,1163.44,13277380
2023-06-15,1178.0,1182.62,1170.13,1177.66,11813494
2023-06-16,1189.47,1191.78,1181.53,1181.53,24171579
2023-06-19,1177.66,1192.52,1173.43,1192.52,6798554
2023-06-20,1180.1,1183.29,1169.9,1175.69,6921096
2023-06-21,1183.42,1185.99,1175.9,1180.06,6961603
2023-06-22,1170.13,1187.58,1168.52,1179.59,7619166
2023-06-23,1160.56,1169.16,1159.29,1167.09,6628570
2023-06-26,1151.7,1160.86,1148.53,1156.98,12641159
2023-06-27,1152.11,1158.13,1147.59,1152.16,9689466
2023-06-28,1167.36,1171.22,1152.76,1159.75,11354006
2023-06-30,1176.94,1179.89,1169.19,1175.16,11151555
2023-07-03,1207.15,1210.05,1179.29,1180.54,12154387
2023-07-04,1194.71,1211.44,1187.55,1211.44,8061643
2023-07-05,1192.75,1204.05,1188.73,1204.05,10248062
2023-07-06,1217.78,1220.41,1188.85,1188.85,19117987
2023-07-07,1215.41,1229.87,1212.82,1216.05,13375267
2023-07-10,1262.23,1271.89,1234.51,1240.93,33240016
2023-07-11,1275.91,1278.35,1263.4,1270.46,20069348
2023-07-12,1277.32,1293.12,1274.5,1276.65,18733835
2023-07-13,1265.89,1291.74,1263.24,1284.77,14682934
2023-07-14,1264.83,1274.15,1257.63,1269.12,15124144
2023-07-17,1290.68,1299.15,1258.97,1267.74,22220040
2023-07-18,1301.64,1309.48,1288.97,1300.05,25867313
2023-07-19,1311.51,1318.04,1290.82,1306.04,39122156
2023-07-20,1309.93,1315.47,1290.0,1290.0,38717624
2023-07-21,1269.38,1307.45,1261.8,1304.5,30249238
2023-07-24,1243.7,1257.47,1234.65,1240.5,23727866
2023-07-25,1242.9,1252.6,1240.0,1247.0,12026020
2023-07-26,1263.1,1273.5,1242.5,1242.5,12911012
2023-07-27,1251.35,1268.82,1245.18,1267.03,17226898
2023-07-28,1263.93,1271.43,1250.28,1256.03,20827852
2023-07-31,1274.62,1276.95,1258.97,1263.93,8551174
2023-08-01,1256.6,1279.5,1252.65,1277.5,9536632
2023-08-02,1243.18,1256.0,1231.8,1254.6,12748214
2023-08-03,1237.95,1250.45,1229.03,1237.65,10168350
2023-08-04,1254.78,1258.0,1235.8,1249.4,22885610
2023-08-07,1261.93,1264.2,1252.5,1260.5,5982870
2023-08-08,1254.32,1267.22,1249.78,1264.0,9844072
2023-08-09,1262.6,1264.5,1240.55,1252.43,11486586
2023-08-10,1268.22,1275.0,1254.22,1262.47,15470598
2023-08-11,1273.57,1279.43,1256.18,1266.22,22179330
2023-08-14,1288.62,1291.15,1262.5,1269.5,9575812
2023-08-16,1287.57,1291.4,1275.5,1275.5,10203112
2023-08-17,1269.0,1289.05,1266.43,1283.55,13673744
2023-08-18,1278.4,1288.8,1254.28,1265.62,18639978
2023-08-21,1260.0,1277.72,1257.82,1269.97,9221746
2023-08-22,1259.7,1268.97,1249.5,1258.45,7713044
2023-08-23,1261.1,1271.43,1258.47,1262.1,9517952
2023-08-24,1239.9,1269.95,1235.5,1269.95,14140020
2023-08-25,1234.18,1252.5,1221.3,1228.0,22222400
2023-08-28,1221.88,1242.0,1215.55,1236.0,12580826
2023-08-29,1210.18,1226.72,1204.07,1226.03,16876644
2023-08-30,1209.03,1221.5,1207.5,1216.0,12168946
2023-08-31,1203.5,1212.5,1199.95,1211.5,21638600
2023-09-01,1206.32,1212.82,1200.82,1203.28,18112842
2023-09-04,1205.35,1211.82,1202.65,1206.32,9347626
2023-09-05,1211.8,1216.97,1206.22,1210.0,8675876
2023-09-06,1214.35,1218.07,1208.62,1210.55,8200370
2023-09-07,1216.0,1219.12,1205.5,1210.85,13652572
2023-09-08,1224.1,1228.0,1211.47,1220.0,23109288
2023-09-11,1237.3,1238.43,1226.0,1226.0,13271074
2023-09-12,1219.43,1241.5,1217.97,1241.5,16255666
2023-09-13,1225.53,1231.32,1213.12,1220.0,12803338
2023-09-14,1226.65,1232.9,1222.5,1230.0,9209636
2023-09-15,1228.93,1234.0,1224.75,1234.0,25468592
2023-09-18,1218.22,1225.5,1216.03,1220.03,7516300
2023-09-20,1191.07,1213.8,1177.5,1211.53,57081884
2023-09-21,1182.4,1195.05,1180.0,1187.47,12226182
2023-09-22,1177.47,1191.22,1175.0,1188.0,19176786
2023-09-25,1170.22,1180.35,1167.55,1175.2,14254884
2023-09-26,1171.25,1175.1,1167.8,1169.28,10087782
2023-09-27,1184.45,1185.9,1169.25,1171.75,11722778
2023-09-28,1167.05,1191.5,1162.5,1191.5,14518346
2023-09-29,1172.5,1184.55,1167.05,1170.9,12342014
2023-10-03,1159.07,1167.8,1158.0,1164.97,8859056
2023-10-04,1157.07,1159.5,1147.55,1154.5,10286386
2023-10-05,1157.05,1164.7,1154.5,1159.62,10953682
2023-10-06,1159.0,1162.4,1156.03,1158.53,5431026
2023-10-09,1149.12,1155.97,1147.5,1154.05,7576878
2023-10-10,1154.2,1158.95,1151.88,1153.28,10236032
2023-10-11,1172.53,1174.85,1156.5,1157.22,9814118
2023-10-12,1174.7,1179.68,1169.07,1171.93,12554450
2023-10-13,1174.65,1178.75,1164.57,1170.0,10150316
2023-10-16,1172.03,1177.28,1168.0,1172.5,5929036
2023-10-17,1177.62,1179.85,1170.65,1178.0,7928180
2023-10-18,1162.0,1183.5,1160.5,1177.62,8918320
2023-10-19,1153.07,1160.9,1150.5,1156.0,12032556
2023-10-20,1149.55,1157.35,1148.15,1150.0,8913312
2023-10-23,1131.6,1153.12,1127.62,1145.0,7853962
2023-10-25,1128.97,1140.6,1121.5,1125.03,11620688
2023-10-26,1113.25,1129.0,1110.15,1125.5,15222534
2023-10-27,1132.9,1136.75,1117.97,1120.0,11771084
2023-10-30,1156.25,1162.5,1134.97,1137.0,16813304
2023-10-31,1143.95,1164.0,1141.45,1164.0,12808438
2023-11-01,1148.7,1158.75,1137.6,1144.57,10309190
2023-11-02,1160.1,1162.15,1153.97,1156.97,10562104
2023-11-03,1159.85,1167.47,1157.88,1163.6,8850156
2023-11-06,1169.5,1170.0,1162.8,1166.15,10647304
2023-11-07,1161.9,1169.55,1159.78,1167.03,6960204
2023-11-08,1167.95,1170.5,1160.88,1166.0,7884494
2023-11-09,1155.28,1167.95,1152.1,1167.93,14513610
2023-11-10,1157.45,1158.18,1149.03,1152.78,7734954
2023-11-13,1157.3,1162.3,1155.85,1161.45,3854810
2023-11-15,1178.22,1180.97,1163.5,1170.0,12220648
2023-11-16,1180.35,1187.07,1173.47,1175.55,13134910
2023-11-17,1177.78,1186.62,1176.03,1176.45,7758634
2023-11-20,1174.68,1179.2,1168.2,1174.28,4490186
2023-11-21,1189.45,1194.0,1180.1,1183.0,8214450
2023-11-22,1194.1,1197.22,1186.1,1187.5,8534814
2023-11-23,1197.75,1200.0,1194.1,1194.1,8531542
2023-11-24,1196.95,1201.3,1195.53,1195.8,6749486
2023-11-28,1197.2,1199.85,1187.62,1196.95,13792174
2023-11-29,1200.35,1205.97,1199.03,1204.0,12531306
2023-11-30,1188.72,1200.35,1184.95,1197.35,28439984
2023-12-01,1197.15,1198.2,1188.8,1189.0,14342842
2023-12-04,1210.1,1225.0,1199.3,1225.0,15590990
2023-12-05,1218.88,1220.43,1210.82,1219.5,12693624
2023-12-06,1230.55,1236.47,1217.5,1223.55,16422442
2023-12-07,1228.53,1230.47,1221.0,1230.0,8142096
2023-12-08,1227.88,1238.35,1222.5,1231.93,10204894
2023-12-11,1229.68,1233.8,1226.2,1228.0,7066138
2023-12-12,1212.03,1232.47,1210.07,1230.0,9197124
2023-12-13,1216.97,1219.18,1203.15,1211.0,10031182
2023-12-14,1232.07,1237.47,1221.32,1227.0,16972354
2023-12-15,1247.8,1250.0,1235.03,1239.0,15932152
2023-12-18,1260.5,1267.45,1245.47,1247.8,14165188
2023-12-19,1279.05,1286.95,1262.6,1277.5,16820604
2023-12-20,1263.57,1299.43,1260.0,1285.53,17736722
2023-12-21,1281.28,1286.75,1259.12,1263.5,13765454
2023-12-22,1282.53,1290.45,1273.82,1279.8,16541784
2023-12-26,1289.03,1295.97,1281.35,1284.0,7465664
2023-12-27,1293.43,1299.95,1286.55,1291.0,9204156
2023-12-28,1302.78,1306.0,1293.43,1294.9,12302636
2023-12-29,1292.47,1307.0,1289.65,1305.55,10864584
2024-01-01,1295.12,1303.43,1286.57,1290.28,4030540
2024-01-02,1305.85,1307.5,1286.5,1292.5,7448800
2024-01-03,1291.65,1317.0,1288.6,1305.0,9037536
2024-01-04,1298.32,1304.93,1289.55,1294.0,9612778
2024-01-05,1303.85,1309.93,1299.0,1301.45,8086406
2024-01-08,1293.68,1315.97,1284.47,1305.0,7734652
2024-01-09,1290.25,1303.4,1288.6,1300.0,5403074
2024-01-10,1325.05,1329.5,1287.53,1288.5,11102740
2024-01-11,1359.9,1362.5,1328.5,1329.5,23725852
2024-01-12,1370.72,1373.32,1345.75,1359.9,15012164
2024-01-15,1394.12,1396.45,1366.0,1375.0,8610594
2024-01-16,1374.62,1396.3,1370.5,1389.97,9069024
2024-01-17,1361.57,1386.28,1355.03,1359.5,12197382
2024-01-18,1367.95,1371.0,1351.25,1351.4,10279438
2024-01-19,1367.45,1376.0,1359.0,1376.0,10422704
2024-01-23,1328.57,1371.75,1322.55,1371.75,20055420
2024-01-24,1343.88,1349.5,1323.93,1335.22,21919128
2024-01-25,1353.07,1364.15,1335.2,1342.95,11808872
2024-01-29,1448.05,1452.5,1360.18,1364.5,23893438
2024-01-30,1407.62,1459.97,1404.43,1459.95,14093978
2024-01-31,1426.62,1434.25,1402.5,1404.0,15130226
2024-02-01,1426.65,1443.35,1418.05,1435.0,13349362
2024-02-02,1457.7,1474.9,1433.18,1433.18,19652588
2024-02-05,1439.03,1470.5,1431.53,1460.75,8814432
2024-02-06,1427.8,1441.85,1419.82,1441.85,9047984
2024-02-07,1442.15,1449.5,1429.25,1435.93,9296568
2024-02-08,1450.12,1459.47,1427.53,1450.0,14694634
2024-02-09,1460.75,1471.97,1450.95,1454.0,12556798
2024-02-12,1452.35,1461.0,1442.35,1460.75,6674430
2024-02-13,1465.1,1479.0,1454.0,1455.5,7715594
2024-02-14,1481.38,1483.65,1457.5,1457.5,7117888
2024-02-15,1470.6,1484.72,1466.53,1483.35,10006782
2024-02-16,1460.57,1477.0,1458.55,1476.47,9767498
2024-02-19,1474.0,1479.5,1453.53,1462.05,6729828
2024-02-20,1471.03,1475.5,1461.8,1475.03,7117496
2024-02-21,1467.7,1488.53,1457.55,1474.0,12720292
2024-02-22,1481.75,1484.95,1458.0,1468.15,18493728
2024-02-23,1493.62,1497.55,1483.35,1489.5,14438584
2024-02-26,1487.32,1494.53,1482.5,1493.55,7513106
2024-02-27,1485.65,1499.95,1478.05,1483.03,10826044
2024-02-28,1455.62,1491.28,1450.18,1483.0,8647950
2024-02-29,1460.8,1478.97,1454.53,1465.0,23628976
2024-03-01,1492.12,1500.0,1462.5,1463.5,12132926
2024-03-04,1507.4,1512.45,1487.22,1490.47,10024420
2024-03-05,1500.2,1507.4,1486.05,1505.78,7107668
2024-03-06,1503.0,1509.0,1478.5,1493.45,7805676
2024-03-07,1478.93,1503.1,1475.55,1502.97,8315726
2024-03-11,1466.6,1489.0,1463.5,1489.0,11277130
2024-03-12,1475.43,1488.0,1465.03,1466.6,9432678
2024-03-13,1432.18,1483.1,1427.78,1479.78,13522134
2024-03-14,1431.47,1448.53,1425.5,1439.7,18571102
2024-03-15,1418.22,1433.22,1412.9,1425.95,19223818
2024-03-18,1439.47,1441.72,1416.53,1420.0,9169392
2024-03-19,1425.25,1437.6,1417.25,1428.75,8275764
2024-03-20,1443.75,1445.0,1424.03,1427.95,8488806
2024-03-21,1450.97,1457.9,1444.68,1452.53,13006936
2024-03-22,1455.03,1460.0,1447.35,1449.97,19527608
2024-03-26,1441.57,1452.4,1439.0,1445.0,11415906
2024-03-27,1492.85,1500.0,1447.0,1448.0,16326644
2024-03-28,1485.85,1505.95,1478.65,1492.88,21854364
2024-04-01,1484.78,1493.97,1482.5,1492.47,5013880
2024-04-02,1486.95,1494.0,1475.0,1484.0,8910166
2024-04-03,1471.6,1484.45,1468.9,1482.07,7008292
2024-04-04,1462.93,1479.75,1450.0,1479.75,14490272
2024-04-05,1460.1,1470.8,1456.0,1460.88,7442298
2024-04-08,1485.97,1490.97,1461.0,1462.97,8357118
2024-04-09,1463.65,1489.8,1462.5,1489.0,7071414
2024-04-10,1479.57,1487.0,1466.35,1466.35,9138330
2024-04-12,1467.15,1486.47,1463.07,1475.88,15551012
2024-04-15,1464.82,1482.12,1446.32,1461.0,12902062
2024-04-16,1465.75,1471.18,1450.93,1453.35,9366184
2024-04-18,1464.32,1486.0,1459.35,1463.5,19005692
2024-04-19,1470.12,1474.0,1443.03,1456.78,15741778
2024-04-22,1479.85,1482.82,1467.8,1472.45,10350362
2024-04-23,1459.32,1493.5,1455.55,1479.0,14605554
2024-04-24,1450.18,1468.55,1449.5,1463.5,10462776
2024-04-25,1459.97,1467.97,1441.5,1442.5,15943926
2024-04-26,1452.55,1465.0,1450.0,1463.95,9413848
2024-04-29,1465.03,1467.9,1450.0,1450.0,7247974
2024-04-30,1467.0,1483.07,1462.88,1468.0,11474262
2024-05-02,1466.55,1477.32,1464.12,1472.0,14512646
2024-05-03,1434.0,1474.95,1416.15,1471.0,17226958
2024-05-06,1419.53,1440.0,1418.0,1435.5,7394208
2024-05-07,1401.47,1420.75,1392.0,1415.97,14517472
2024-05-08,1418.55,1432.95,1397.5,1397.5,9439002
2024-05-09,1394.12,1423.75,1390.0,1413.0,11009612
2024-05-10,1407.43,1410.0,1388.07,1396.75,10505096
2024-05-13,1402.7,1406.97,1384.0,1399.9,8456620
2024-05-14,1420.07,1427.07,1400.03,1400.97,7188300
2024-05-15,1416.28,1429.97,1413.03,1420.5,5046534
2024-05-16,1425.35,1427.5,1398.03,1418.55,14711774
2024-05-17,1435.7,1437.2,1413.25,1423.05,10916476
2024-05-21,1436.12,1441.82,1425.6,1425.6,11176128
2024-05-22,1460.65,1468.78,1436.28,1436.28,10281604
2024-05-23,1486.05,1492.22,1455.0,1458.55,14608260
2024-05-24,1480.25,1488.5,1476.1,1483.62,7094776
2024-05-27,1466.25,1484.9,1461.55,1480.22,6629010
2024-05-28,1456.2,1478.5,1452.75,1468.0,7820162
2024-05-29,1440.78,1458.0,1438.45,1446.5,7383556
2024-05-30,1424.85,1440.4,1420.1,1435.5,13206858
2024-05-31,1430.4,1442.25,1422.25,1431.3,31069832
2024-06-03,1510.32,1514.5,1459.0,1483.0,21527942
2024-06-04,1397.28,1498.05,1359.3,1498.05,36709098
2024-06-05,1420.75,1431.15,1384.1,1422.0,17464890
2024-06-06,1431.6,1443.7,1421.35,1435.0,17855722
2024-06-07,1469.95,1472.0,1426.5,1428.5,18558696
2024-06-10,1471.4,1493.35,1468.07,1469.95,9251760
2024-06-11,1456.68,1473.68,1454.68,1469.0,11774902
2024-06-12,1463.32,1476.0,1455.18,1457.5,10081742
2024-06-13,1465.25,1472.25,1460.1,1472.0,9181160
2024-06-14,1477.55,1479.68,1457.22,1470.0,8157998
2024-06-18,1481.03,1487.4,1471.35,1487.35,7196766
2024-06-19,1458.65,1487.5,1456.0,1487.5,8725874
2024-06-20,1473.7,1482.85,1450.1,1459.0,16113776
2024-06-21,1454.2,1474.7,1440.57,1473.62,31170360
2024-06-24,1441.47,1449.5,1437.5,1445.53,8878386
2024-06-25,1454.15,1455.93,1441.0,1443.0,7045386
2024-06-26,1514.03,1518.97,1445.12,1446.05,22014882
2024-06-27,1530.55,1537.5,1506.0,1513.75,28383030
2024-06-28,1565.4,1581.0,1531.03,1531.03,28957336
2024-07-01,1560.15,1579.4,1555.68,1562.53,7724306
2024-07-02,1565.18,1573.5,1557.0,1569.5,7749246
2024-07-03,1552.43,1575.0,1542.78,1566.32,9049620
2024-07-04,1554.03,1567.5,1550.8,1557.0,6837176
2024-07-05,1588.62,1598.5,1548.0,1553.82,12269710
2024-07-08,1600.9,1608.8,1582.53,1589.0,9500806
2024-07-09,1590.28,1600.5,1580.5,1597.6,6960002
2024-07-10,1584.22,1597.5,1563.15,1595.0,7134578
2024-07-11,1580.65,1604.25,1570.5,1587.5,11940946
2024-07-12,1596.72,1605.15,1574.5,1584.5,12924784
2024-07-15,1597.22,1605.85,1585.5,1604.45,5329688
2024-07-16,1576.25,1600.0,1569.12,1593.5,9386838
2024-07-18,1586.68,1593.9,1557.82,1576.0,12298374
2024-07-19,1555.15,1589.97,1552.8,1586.0,13140390
2024-07-22,1500.68,1537.5,1499.28,1537.25,19674376
2024-07-23,1487.9,1505.75,1463.0,1501.0,18052044
2024-07-24,1495.7,1509.5,1476.4,1485.0,11913362
2024-07-25,1492.4,1500.47,1477.07,1481.0,12519876
2024-07-26,1509.03,1512.43,1490.35,1492.4,9859940
2024-07-29,1520.1,1527.5,1511.78,1511.95,7538550
2024-07-30,1513.15,1525.0,1510.0,1517.03,8228208
2024-07-31,1505.43,1510.45,1501.15,1504.0,10057346
2024-08-01,1515.3,1518.0,1504.3,1512.0,10764222
2024-08-02,1499.32,1509.32,1493.28,1505.0,10268248
2024-08-05,1447.32,1483.9,1433.25,1480.0,17046704
2024-08-06,1456.05,1477.5,1451.32,1455.15,10236186
2024-08-07,1464.82,1472.5,1461.5,1469.0,8174568
2024-08-08,1449.12,1465.0,1445.93,1457.53,12387192
2024-08-09,1474.3,1476.5,1456.0,1460.0,6249776
2024-08-12,1460.62,1473.0,1457.75,1470.0,8184584
2024-08-13,1463.62,1470.07,1458.0,1460.75,6265064
2024-08-14,1461.85,1472.0,1453.7,1463.55,6267466
2024-08-16,1478.2,1480.4,1458.05,1468.65,9416902
2024-08-19,1488.4,1498.3,1480.5,1482.5,13797742
2024-08-20,1495.95,1503.93,1490.03,1497.22,8411808
2024-08-21,1498.68,1507.88,1490.0,1493.25,7769996
2024-08-22,1498.12,1506.5,1490.65,1503.0,10445782
2024-08-23,1499.97,1511.32,1498.43,1503.75,9249654
2024-08-26,1512.6,1523.0,1503.0,1506.97,8816114
2024-08-27,1500.45,1513.47,1499.45,1510.5,6251156
2024-08-28,1498.3,1507.47,1493.0,1505.0,9610286
2024-08-29,1520.93,1537.0,1494.0,1503.1,38335358
2024-08-30,1509.62,1539.72,1503.32,1534.0,41620730
2024-09-02,1516.25,1526.8,1506.62,1510.88,11240852
2024-09-03,1509.12,1523.0,1507.5,1521.25,10923800
2024-09-04,1514.55,1517.5,1499.5,1500.7,11983304
2024-09-05,1492.97,1525.78,1487.05,1519.05,16264168
2024-09-06,1464.82,1497.0,1461.62,1492.5,19394228
2024-09-09,1462.45,1469.93,1455.6,1466.5,9010298
2024-09-10,1461.53,1472.05,1457.57,1460.5,10768260
2024-09-11,1451.5,1468.75,1447.55,1463.05,9760202
2024-09-12,1479.8,1486.0,1445.88,1457.0,22349376
2024-09-13,1472.62,1483.15,1469.5,1476.4,8711328
2024-09-16,1471.35,1480.9,1464.75,1477.55,5481774
2024-09-17,1472.3,1477.47,1466.62,1474.0,5935328
2024-09-18,1463.45,1482.0,1460.55,1470.0,8574714
2024-09-19,1469.68,1476.5,1455.55,1466.25,16955902
2024-09-20,1485.93,1495.0,1471.38,1474.0,30897320
2024-09-23,1493.38,1501.5,1488.95,1491.0,8832314
2024-09-24,1489.38,1500.5,1487.88,1488.5,17137444
2024-09-25,1493.95,1496.5,1480.2,1483.9,7069002
2024-09-26,1497.95,1504.0,1488.05,1490.65,18818998
2024-09-27,1526.18,1533.47,1492.0,1499.0,20597478
2024-09-30,1476.57,1524.97,1474.4,1519.4,27008814
2024-10-01,1464.82,1487.95,1462.82,1480.65,16431642
2024-10-03,1406.97,1449.4,1402.07,1436.57,37757294
2024-10-04,1386.53,1417.35,1381.78,1403.93,37072876
2024-10-07,1370.72,1396.5,1361.38,1393.5,22181340
2024-10-08,1397.35,1401.0,1365.1,1372.97,17020808
2024-10-09,1374.6,1400.97,1372.5,1397.53,14310610
2024-10-10,1371.05,1386.0,1369.43,1380.03,22358646
2024-10-11,1372.1,1383.28,1368.82,1370.0,7980122
2024-10-14,1372.53,1380.07,1368.25,1379.45,12221432
2024-10-15,1344.03,1371.7,1340.7,1358.53,33762794
2024-10-16,1354.07,1364.0,1337.62,1340.0,20034438
2024-10-17,1356.43,1368.45,1352.05,1365.7,15543660
2024-10-18,1359.3,1368.43,1341.32,1352.18,12082452
2024-10-21,1369.2,1374.0,1357.72,1367.12,14067408
2024-10-22,1343.35,1376.0,1340.22,1369.2,15831960
2024-10-23,1338.53,1357.47,1335.0,1337.5,17214742
2024-10-24,1339.8,1343.7,1323.12,1335.28,22155934
2024-10-25,1327.85,1344.35,1322.0,1343.5,18597496
2024-10-28,1334.35,1353.0,1322.1,1337.0,10824350
2024-10-29,1340.0,1343.2,1320.3,1328.1,12008361
2024-10-30,1343.9,1350.0,1325.35,1335.0,11984423
2024-10-31,1332.05,1343.0,1326.15,1340.0,9331650
2024-11-01,1338.65,1341.95,1333.0,1333.05,2127335
2024-11-04,1302.15,1340.0,1285.1,1337.85,19796890
2024-11-05,1305.3,1309.55,1286.15,1293.0,16267479
2024-11-06,1325.35,1328.3,1300.2,1310.0,21625209
2024-11-07,1305.65,1324.0,1302.6,1324.0,9611974
2024-11-08,1283.75,1301.65,1275.0,1297.65,19814406
2024-11-11,1272.7,1286.0,1267.0,1278.95,9056552
2024-11-12,1274.25,1289.3,1267.5,1275.55,10671091
2024-11-13,1252.05,1275.45,1249.5,1270.25,14633633
2024-11-14,1267.6,1272.6,1251.1,1253.6,12612633
2024-11-18,1260.75,1272.9,1243.9,1267.6,13620611
2024-11-19,1241.65,1281.5,1235.15,1260.75,14183746
2024-11-21,1223.0,1243.95,1217.25,1241.65,19433843
2024-11-22,1265.4,1268.85,1222.45,1229.4,20471957
2024-11-25,1287.0,1304.45,1282.45,1290.0,28923341
2024-11-26,1295.7,1297.85,1284.2,1294.95,9247557
2024-11-27,1293.2,1303.85,1286.0,1293.5,9572746
2024-11-28,1270.8,1296.6,1269.05,1289.95,15027412
2024-11-29,1292.2,1299.5,1275.25,1280.0,13202307
2024-12-02,1309.15,1311.35,1277.05,1288.0,11024152
2024-12-03,1323.3,1326.8,1307.0,1317.0,16869482
2024-12-04,1308.95,1328.4,1304.05,1326.0,19608540
2024-12-05,1322.05,1329.95,1306.15,1314.35,16858723
2024-12-06,1311.55,1323.9,1310.0,1323.9,9037514
2024-12-09,1295.15,1315.0,1293.1,1303.0,14650002
2024-12-10,1284.85,1294.9,1280.2,1289.25,16043729
2024-12-11,1278.2,1290.0,1276.05,1285.0,11724373
2024-12-12,1262.9,1278.2,1260.6,1270.0,20906813
2024-12-13,1272.85,1275.2,1239.6,1260.0,28630222
2024-12-16,1268.3,1281.0,1266.55,1275.0,9486781
2024-12-17,1245.3,1263.9,1242.8,1261.05,17462791
2024-12-18,1253.25,1259.95,1240.65,1240.65,12670179
2024-12-19,1230.45,1244.9,1229.0,1239.0,14244653
2024-12-20,1205.3,1239.5,1201.5,1224.0,20312896
2024-12-23,1222.3,1227.2,1213.2,1215.0,10052824
2024-12-24,1222.75,1233.55,1221.0,1222.3,6734917
2024-12-26,1216.55,1227.7,1214.25,1224.25,10016178
2024-12-27,1221.05,1227.9,1217.0,1218.3,7000397
2024-12-30,1210.7,1223.2,1208.1,1216.4,8818766
2024-12-31,1215.45,1219.1,1206.15,1208.0,6405475
2025-01-01,1221.25,1226.3,1211.6,1214.85,5892590
2025-01-02,1241.8,1244.45,1220.0,1221.25,15486276
2025-01-03,1251.15,1262.05,1235.5,1243.9,15521102
2025-01-06,1218.0,1262.0,1215.0,1253.95,14816766
2025-01-07,1240.85,1244.5,1221.25,1222.0,10070505
2025-01-08,1265.5,1271.05,1245.35,1249.0,19346579
2025-01-09,1254.75,1269.75,1248.05,1267.0,12794704
2025-01-10,1241.9,1256.75,1236.0,1253.85,8120332
2025-01-13,1239.85,1245.25,1226.4,1230.0,13764861
2025-01-14,1238.75,1253.35,1227.25,1244.1,13095266
2025-01-15,1252.2,1257.0,1241.85,1244.95,9578856
2025-01-16,1266.45,1275.0,1251.3,1258.9,14117603
2025-01-17,1302.35,1326.0,1285.0,1322.25,29366277
2025-01-20,1305.45,1316.0,1300.25,1316.0,14040244
2025-01-21,1273.7,1313.0,1270.2,1310.5,14562976
2025-01-22,1277.1,1282.9,1268.7,1278.3,10273590
2025-01-23,1263.65,1277.35,1261.6,1270.0,8720682
2025-01-24,1246.3,1273.0,1243.5,1266.0,14235970
2025-01-27,1229.35,1240.45,1220.0,1239.1,9536019
2025-01-28,1234.4,1244.75,1218.5,1238.0,10568025
2025-01-29,1235.5,1242.75,1228.05,1236.0,5928156
2025-01-30,1253.05,1257.0,1232.4,1235.55,9269259
2025-01-31,1265.1,1267.0,1249.0,1255.85,6584612
2025-02-01,1264.6,1270.55,1241.0,1265.1,7118453
2025-02-03,1245.9,1256.0,1237.55,1251.0,9252345
2025-02-04,1285.2,1288.8,1246.6,1248.05,16691069
2025-02-05,1278.2,1290.5,1276.7,1282.65,10112028
2025-02-06,1281.55,1288.0,1270.35,1273.7,9956001
2025-02-07,1266.7,1283.7,1262.0,1276.15,8764283
2025-02-10,1253.65,1266.5,1245.55,1264.5,6970972
2025-02-11,1234.85,1264.55,1230.1,1264.55,8859714
2025-02-12,1216.55,1226.9,1193.35,1219.45,21131654
2025-02-13,1216.1,1228.0,1212.0,1217.05,8511216
2025-02-14,1217.25,1224.0,1205.45,1219.0,10298145
2025-02-17,1224.9,1227.5,1204.5,1211.1,8166683
2025-02-18,1225.4,1229.9,1216.1,1224.85,6673250
2025-02-19,1227.45,1232.75,1217.55,1219.5,6217338
2025-02-20,1233.0,1239.35,1222.0,1223.95,7795582
2025-02-21,1228.15,1240.0,1222.15,1228.7,6904025
2025-02-24,1214.55,1223.25,1210.5,1216.55,7172498
2025-02-25,1204.0,1221.0,1201.5,1211.0,11552182
2025-02-27,1207.1,1215.0,1200.65,1212.8,11509215
2025-02-28,1200.1,1217.35,1193.3,1202.0,23007298
2025-03-03,1171.25,1206.45,1156.0,1204.0,17944938
2025-03-04,1161.9,1174.0,1159.55,1162.2,11377373
2025-03-05,1175.6,1183.0,1157.0,1161.0,8664095
2025-03-06,1209.6,1213.95,1185.15,1197.0,14468014
2025-03-07,1249.8,1254.8,1212.0,1216.0,16474965
2025-03-10,1238.4,1258.0,1235.4,1245.0,11931051
2025-03-11,1247.3,1249.5,1229.75,1240.0,10089838
2025-03-12,1257.05,1263.0,1244.0,1258.0,11977555
2025-03-13,1247.9,1264.15,1243.85,1260.05,9505270
2025-03-17,1238.85,1257.4,1233.1,1242.15,16640917
2025-03-18,1238.85,1238.85,1238.85,1238.85,0
2025-03-19,1247.15,1253.25,1238.8,1241.05,16162399
2025-03-20,1269.15,1273.0,1250.05,1251.85,15971477
2025-03-21,1276.35,1281.0,1270.1,1275.0,21780769
2025-03-24,1302.1,1306.0,1284.25,1291.0,20299319
2025-03-25,1285.45,1307.7,1282.6,1307.7,13713899
2025-03-26,1273.05,1293.8,1268.75,1291.0,12074747
2025-03-27,1278.2,1285.0,1271.3,1278.15,15028056
2025-03-28,1275.1,1295.75,1269.0,1280.0,18147129
2025-04-01,1252.6,1277.9,1249.3,1264.6,12099648
2025-04-02,1251.15,1255.55,1243.9,1247.55,10142590
2025-04-03,1248.7,1251.8,1233.05,1233.05,7434366
2025-04-04,1204.7,1245.45,1193.15,1241.1,17908652
2025-04-07,1165.7,1171.25,1114.85,1132.2,22156106
2025-04-08,1182.2,1196.6,1163.3,1172.0,19555040
2025-04-09,1185.35,1189.8,1168.0,1169.5,10223104
2025-04-11,1218.95,1222.65,1195.15,1195.15,11224242
